PRAGMA foreign_keys=OFF;
BEGIN TRANSACTION;
CREATE TABLE "django_migrations" ("id" integer NOT NULL PRIMARY KEY AUTOINCREMENT, "app" varchar(255) NOT NULL, "name" varchar(255) NOT NULL, "applied" datetime NOT NULL);
INSERT INTO "django_migrations" VALUES(1,'contenttypes','0001_initial','2020-07-13 05:36:30.162866');
INSERT INTO "django_migrations" VALUES(2,'auth','0001_initial','2020-07-13 05:36:30.203392');
INSERT INTO "django_migrations" VALUES(3,'admin','0001_initial','2020-07-13 05:36:30.258177');
INSERT INTO "django_migrations" VALUES(4,'admin','0002_logentry_remove_auto_add','2020-07-13 05:36:30.301043');
INSERT INTO "django_migrations" VALUES(5,'admin','0003_logentry_add_action_flag_choices','2020-07-13 05:36:30.349523');
INSERT INTO "django_migrations" VALUES(6,'contenttypes','0002_remove_content_type_name','2020-07-13 05:36:30.418273');
INSERT INTO "django_migrations" VALUES(7,'auth','0002_alter_permission_name_max_length','2020-07-13 05:36:30.467032');
INSERT INTO "django_migrations" VALUES(8,'auth','0003_alter_user_email_max_length','2020-07-13 05:36:30.515857');
INSERT INTO "django_migrations" VALUES(9,'auth','0004_alter_user_username_opts','2020-07-13 05:36:30.560880');
INSERT INTO "django_migrations" VALUES(10,'auth','0005_alter_user_last_login_null','2020-07-13 05:36:30.603683');
INSERT INTO "django_migrations" VALUES(11,'auth','0006_require_contenttypes_0002','2020-07-13 05:36:30.633841');
INSERT INTO "django_migrations" VALUES(12,'auth','0007_alter_validators_add_error_messages','2020-07-13 05:36:30.671897');
INSERT INTO "django_migrations" VALUES(13,'auth','0008_alter_user_username_max_length','2020-07-13 05:36:30.718839');
INSERT INTO "django_migrations" VALUES(14,'auth','0009_alter_user_last_name_max_length','2020-07-13 05:36:30.765289');
INSERT INTO "django_migrations" VALUES(15,'auth','0010_alter_group_name_max_length','2020-07-13 05:36:30.817467');
INSERT INTO "django_migrations" VALUES(16,'auth','0011_update_proxy_permissions','2020-07-13 05:36:30.861036');
INSERT INTO "django_migrations" VALUES(17,'authtoken','0001_initial','2020-07-13 05:36:30.892219');
INSERT INTO "django_migrations" VALUES(18,'authtoken','0002_auto_20160226_1747','2020-07-13 05:36:30.960307');
INSERT INTO "django_migrations" VALUES(19,'sessions','0001_initial','2020-07-13 05:36:30.997750');
INSERT INTO "django_migrations" VALUES(20,'profiles','0001_initial','2020-07-13 05:44:51.806881');
INSERT INTO "django_migrations" VALUES(21,'profiles','0002_auto_20200713_0545','2020-07-13 05:45:21.781445');
INSERT INTO "django_migrations" VALUES(22,'content','0001_initial','2020-07-13 05:45:21.869435');
INSERT INTO "django_migrations" VALUES(23,'profiles','0003_auto_20200713_0545','2020-07-13 05:46:10.159134');
INSERT INTO "django_migrations" VALUES(24,'posts','0001_initial','2020-07-13 05:46:10.548143');
INSERT INTO "django_migrations" VALUES(25,'content','0002_auto_20200829_0355','2020-08-29 03:57:44.950108');
INSERT INTO "django_migrations" VALUES(26,'posts','0002_auto_20200829_0355','2020-08-29 03:57:45.032367');
INSERT INTO "django_migrations" VALUES(27,'profiles','0004_auto_20200829_0355','2020-08-29 03:57:45.120596');
CREATE TABLE "auth_group_permissions" ("id" integer NOT NULL PRIMARY KEY AUTOINCREMENT, "group_id" integer NOT NULL REFERENCES "auth_group" ("id") DEFERRABLE INITIALLY DEFERRED, "permission_id" integer NOT NULL REFERENCES "auth_permission" ("id") DEFERRABLE INITIALLY DEFERRED);
CREATE TABLE "auth_user_groups" ("id" integer NOT NULL PRIMARY KEY AUTOINCREMENT, "user_id" integer NOT NULL REFERENCES "auth_user" ("id") DEFERRABLE INITIALLY DEFERRED, "group_id" integer NOT NULL REFERENCES "auth_group" ("id") DEFERRABLE INITIALLY DEFERRED);
CREATE TABLE "auth_user_user_permissions" ("id" integer NOT NULL PRIMARY KEY AUTOINCREMENT, "user_id" integer NOT NULL REFERENCES "auth_user" ("id") DEFERRABLE INITIALLY DEFERRED, "permission_id" integer NOT NULL REFERENCES "auth_permission" ("id") DEFERRABLE INITIALLY DEFERRED);
CREATE TABLE "django_admin_log" ("id" integer NOT NULL PRIMARY KEY AUTOINCREMENT, "action_time" datetime NOT NULL, "object_id" text NULL, "object_repr" varchar(200) NOT NULL, "change_message" text NOT NULL, "content_type_id" integer NULL REFERENCES "django_content_type" ("id") DEFERRABLE INITIALLY DEFERRED, "user_id" integer NOT NULL REFERENCES "auth_user" ("id") DEFERRABLE INITIALLY DEFERRED, "action_flag" smallint unsigned NOT NULL CHECK ("action_flag" >= 0));
INSERT INTO "django_admin_log" VALUES(1,'2020-07-13 05:54:04.330797','1','Cat1','[{"added": {}}]',7,1,1);
INSERT INTO "django_admin_log" VALUES(2,'2020-07-13 05:54:42.029073','1','Cat11-Cat1','[{"added": {}}]',8,1,1);
INSERT INTO "django_admin_log" VALUES(3,'2020-07-13 05:55:17.119707','1','Rama''s Organization','[{"added": {}}]',9,1,1);
INSERT INTO "django_admin_log" VALUES(4,'2020-07-13 06:20:04.538882','4','Sakhiyan id =4','',13,1,3);
INSERT INTO "django_admin_log" VALUES(5,'2020-07-13 16:26:51.861375','2','username: c1 otp:765878 time:2020-07-13 15:25:44+00:00','[{"changed": {"fields": ["Time when otp sent"]}}]',17,1,2);
INSERT INTO "django_admin_log" VALUES(6,'2020-07-13 16:38:58.315559','2','username: c1 otp:169177 time:2020-07-13 15:38:16+00:00','[{"changed": {"fields": ["Time when otp sent"]}}]',17,1,2);
INSERT INTO "django_admin_log" VALUES(7,'2020-07-14 10:32:42.814086','6','c6','[{"changed": {"fields": ["Is email verified"]}}]',16,1,2);
INSERT INTO "django_admin_log" VALUES(8,'2020-07-14 16:40:47.570549','1','c1','[{"changed": {"fields": ["Is email verified"]}}]',16,1,2);
INSERT INTO "django_admin_log" VALUES(9,'2020-07-15 06:21:28.228000','2','SSD','[{"added": {}}]',9,1,1);
INSERT INTO "django_admin_log" VALUES(10,'2020-07-15 06:23:31.004762','2','SSD','[{"changed": {"fields": ["Category1", "Category2"]}}]',9,1,2);
INSERT INTO "django_admin_log" VALUES(11,'2020-07-15 06:26:32.710042','2','Cat2','[{"added": {}}]',7,1,1);
INSERT INTO "django_admin_log" VALUES(12,'2020-07-15 06:27:01.405028','2','SSD','[{"changed": {"fields": ["Category1", "Category2"]}}]',9,1,2);
INSERT INTO "django_admin_log" VALUES(13,'2020-07-15 06:31:47.437584','2','c2','[{"changed": {"fields": ["Is email verified"]}}]',16,1,2);
INSERT INTO "django_admin_log" VALUES(14,'2020-07-15 07:16:54.423331','2','c2','[{"changed": {"fields": ["Image"]}}]',16,1,2);
INSERT INTO "django_admin_log" VALUES(15,'2020-07-15 16:12:32.043890','3','c2','[{"changed": {"fields": ["First name", "Last name"]}}]',4,1,2);
INSERT INTO "django_admin_log" VALUES(16,'2020-07-16 05:28:26.444259','2','Cat2','',7,1,3);
INSERT INTO "django_admin_log" VALUES(17,'2020-07-16 05:28:26.520180','1','Cat1','',7,1,3);
INSERT INTO "django_admin_log" VALUES(18,'2020-07-16 05:29:06.773005','11','Neelkanth id =11','',13,1,3);
INSERT INTO "django_admin_log" VALUES(19,'2020-07-16 05:29:06.801131','10','Information Technology id =10','',13,1,3);
INSERT INTO "django_admin_log" VALUES(20,'2020-07-16 05:29:06.828623','9','Rama''s Organization id =9','',13,1,3);
INSERT INTO "django_admin_log" VALUES(21,'2020-07-16 05:29:06.852927','8','i id =8','',13,1,3);
INSERT INTO "django_admin_log" VALUES(22,'2020-07-16 05:29:06.877371','7','i id =7','',13,1,3);
INSERT INTO "django_admin_log" VALUES(23,'2020-07-16 05:29:06.905616','6','RamRaksha id =6','',13,1,3);
INSERT INTO "django_admin_log" VALUES(24,'2020-07-16 05:29:06.941846','5','ioio id =5','',13,1,3);
INSERT INTO "django_admin_log" VALUES(25,'2020-07-16 05:29:06.970228','3','Audio id =3','',13,1,3);
INSERT INTO "django_admin_log" VALUES(26,'2020-07-16 05:29:06.997233','2','QWERTY id =2','',13,1,3);
INSERT INTO "django_admin_log" VALUES(27,'2020-07-16 05:29:07.022569','1','Rama''s Organization id =1','',13,1,3);
INSERT INTO "django_admin_log" VALUES(28,'2020-07-16 05:34:22.555512','3','Masters Study in Africa','[{"added": {}}]',7,1,1);
INSERT INTO "django_admin_log" VALUES(29,'2020-07-16 05:41:44.665571','3','Masters Study in Africa','[{"changed": {"fields": ["Image"]}}]',7,1,2);
INSERT INTO "django_admin_log" VALUES(30,'2020-07-16 05:45:38.014635','2','South Africa-Masters Study in Africa','[{"added": {}}]',8,1,1);
INSERT INTO "django_admin_log" VALUES(31,'2020-07-16 06:00:34.867400','3','University of Cape Town','[{"added": {}}]',9,1,1);
INSERT INTO "django_admin_log" VALUES(32,'2020-07-16 06:11:03.373906','4','University of Witwatersrand','[{"added": {}}]',9,1,1);
INSERT INTO "django_admin_log" VALUES(33,'2020-07-16 06:16:38.725562','5','University of KwaZulu-Natal','[{"added": {}}]',9,1,1);
INSERT INTO "django_admin_log" VALUES(34,'2020-07-16 06:20:47.924500','6','North-West University','[{"added": {}}]',9,1,1);
INSERT INTO "django_admin_log" VALUES(35,'2020-07-16 06:26:09.163018','7','University of South Africa','[{"added": {}}]',9,1,1);
INSERT INTO "django_admin_log" VALUES(36,'2020-07-16 06:42:39.973904','4','Masters Study in the America','[{"added": {}}]',7,1,1);
INSERT INTO "django_admin_log" VALUES(37,'2020-07-16 06:46:46.079314','3','Masters in the USA-Masters Study in the America','[{"added": {}}]',8,1,1);
INSERT INTO "django_admin_log" VALUES(38,'2020-07-16 06:48:30.309667','4','Masters in Canada-Masters Study in the America','[{"added": {}}]',8,1,1);
INSERT INTO "django_admin_log" VALUES(39,'2020-07-16 06:50:11.875903','5','Masters in Brazil-Masters Study in the America','[{"added": {}}]',8,1,1);
INSERT INTO "django_admin_log" VALUES(40,'2020-07-16 06:57:25.466352','8','Massachusetts Institute of Technology','[{"added": {}}]',9,1,1);
INSERT INTO "django_admin_log" VALUES(41,'2020-07-16 07:01:45.046652','9','Stanford University','[{"added": {}}]',9,1,1);
INSERT INTO "django_admin_log" VALUES(42,'2020-07-16 07:05:00.498864','10','Harvard University','[{"added": {}}]',9,1,1);
INSERT INTO "django_admin_log" VALUES(43,'2020-07-16 07:09:09.668632','11','The University of Texas at Dallas','[{"added": {}}]',9,1,1);
INSERT INTO "django_admin_log" VALUES(44,'2020-07-16 07:11:13.310647','12','Georgia Institute of Technology','[{"added": {}}]',9,1,1);
INSERT INTO "django_admin_log" VALUES(45,'2020-07-16 07:14:15.017728','13','New York Institute of Technology','[{"added": {}}]',9,1,1);
INSERT INTO "django_admin_log" VALUES(46,'2020-07-16 07:18:21.460802','14','University of Southern California','[{"added": {}}]',9,1,1);
INSERT INTO "django_admin_log" VALUES(47,'2020-07-16 07:24:34.300068','5','Masters Study in Europe','[{"added": {}}]',7,1,1);
INSERT INTO "django_admin_log" VALUES(48,'2020-07-16 07:33:37.311349','6','Austria-Masters Study in Europe','[{"added": {}}]',8,1,1);
INSERT INTO "django_admin_log" VALUES(49,'2020-07-16 07:34:25.156754','7','Belgium-Masters Study in Europe','[{"added": {}}]',8,1,1);
INSERT INTO "django_admin_log" VALUES(50,'2020-07-16 07:35:03.059112','8','Czech Republic-Masters Study in Europe','[{"added": {}}]',8,1,1);
INSERT INTO "django_admin_log" VALUES(51,'2020-07-16 07:35:34.451104','9','Denmark-Masters Study in Europe','[{"added": {}}]',8,1,1);
INSERT INTO "django_admin_log" VALUES(52,'2020-07-16 07:36:27.208112','10','Estonia-Masters Study in Europe','[{"added": {}}]',8,1,1);
INSERT INTO "django_admin_log" VALUES(53,'2020-07-16 07:36:53.592307','11','Finland-Masters Study in Europe','[{"added": {}}]',8,1,1);
INSERT INTO "django_admin_log" VALUES(54,'2020-07-16 07:37:35.666114','12','France-Masters Study in Europe','[{"added": {}}]',8,1,1);
INSERT INTO "django_admin_log" VALUES(55,'2020-07-16 07:38:08.023247','13','Germany-Masters Study in Europe','[{"added": {}}]',8,1,1);
INSERT INTO "django_admin_log" VALUES(56,'2020-07-16 07:38:49.926479','14','Iceland-Masters Study in Europe','[{"added": {}}]',8,1,1);
INSERT INTO "django_admin_log" VALUES(57,'2020-07-16 07:39:17.337302','15','Ireland-Masters Study in Europe','[{"added": {}}]',8,1,1);
INSERT INTO "django_admin_log" VALUES(58,'2020-07-16 07:45:04.220376','15','Trinity College Dublin','[{"added": {}}]',9,1,1);
INSERT INTO "django_admin_log" VALUES(59,'2020-07-16 07:49:19.107264','16','University College Dublin','[{"added": {}}]',9,1,1);
INSERT INTO "django_admin_log" VALUES(60,'2020-07-16 07:56:16.799808','17','University of Vienna','[{"added": {}}]',9,1,1);
INSERT INTO "django_admin_log" VALUES(61,'2020-07-16 07:59:49.060215','18','LMU Munich','[{"added": {}}]',9,1,1);
INSERT INTO "django_admin_log" VALUES(62,'2020-07-16 08:03:36.400400','19','Technical University of Munich','[{"added": {}}]',9,1,1);
INSERT INTO "django_admin_log" VALUES(63,'2020-07-16 08:10:52.125769','10','Harvard University','[{"changed": {"fields": ["Category2"]}}]',9,1,2);
INSERT INTO "django_admin_log" VALUES(64,'2020-07-16 08:11:04.724874','9','Stanford University','[{"changed": {"fields": ["Category2"]}}]',9,1,2);
INSERT INTO "django_admin_log" VALUES(65,'2020-07-24 13:28:05.340253','15','My Experience of Web Internship id =15','[{"changed": {"fields": ["Main content audio"]}}]',13,1,2);
INSERT INTO "django_admin_log" VALUES(66,'2020-07-31 12:53:22.526388','16','Abroad Informatica id =16','[{"changed": {"fields": ["Main content video"]}}]',13,1,2);
INSERT INTO "django_admin_log" VALUES(67,'2020-07-31 13:05:06.434032','16','Abroad Informatica id =16','[{"changed": {"fields": ["Main content image"]}}]',13,1,2);
INSERT INTO "django_admin_log" VALUES(68,'2020-07-31 13:09:20.570449','16','Abroad Informatica id =16','[{"changed": {"fields": ["Main content image"]}}]',13,1,2);
INSERT INTO "django_admin_log" VALUES(69,'2020-07-31 13:09:36.136230','15','My Experience of Web Internship id =15','[{"changed": {"fields": ["Main content image"]}}]',13,1,2);
CREATE TABLE "django_content_type" ("id" integer NOT NULL PRIMARY KEY AUTOINCREMENT, "app_label" varchar(100) NOT NULL, "model" varchar(100) NOT NULL);
INSERT INTO "django_content_type" VALUES(1,'admin','logentry');
INSERT INTO "django_content_type" VALUES(2,'auth','permission');
INSERT INTO "django_content_type" VALUES(3,'auth','group');
INSERT INTO "django_content_type" VALUES(4,'auth','user');
INSERT INTO "django_content_type" VALUES(5,'contenttypes','contenttype');
INSERT INTO "django_content_type" VALUES(6,'sessions','session');
INSERT INTO "django_content_type" VALUES(7,'content','category1');
INSERT INTO "django_content_type" VALUES(8,'content','category2');
INSERT INTO "django_content_type" VALUES(9,'content','record');
INSERT INTO "django_content_type" VALUES(10,'content','recordlikes');
INSERT INTO "django_content_type" VALUES(11,'content','recordcomments');
INSERT INTO "django_content_type" VALUES(12,'posts','channels');
INSERT INTO "django_content_type" VALUES(13,'posts','posts');
INSERT INTO "django_content_type" VALUES(14,'posts','likes');
INSERT INTO "django_content_type" VALUES(15,'posts','comments');
INSERT INTO "django_content_type" VALUES(16,'profiles','profile');
INSERT INTO "django_content_type" VALUES(17,'profiles','otpcache');
INSERT INTO "django_content_type" VALUES(18,'authtoken','token');
CREATE TABLE "auth_permission" ("id" integer NOT NULL PRIMARY KEY AUTOINCREMENT, "content_type_id" integer NOT NULL REFERENCES "django_content_type" ("id") DEFERRABLE INITIALLY DEFERRED, "codename" varchar(100) NOT NULL, "name" varchar(255) NOT NULL);
INSERT INTO "auth_permission" VALUES(1,1,'add_logentry','Can add log entry');
INSERT INTO "auth_permission" VALUES(2,1,'change_logentry','Can change log entry');
INSERT INTO "auth_permission" VALUES(3,1,'delete_logentry','Can delete log entry');
INSERT INTO "auth_permission" VALUES(4,1,'view_logentry','Can view log entry');
INSERT INTO "auth_permission" VALUES(5,2,'add_permission','Can add permission');
INSERT INTO "auth_permission" VALUES(6,2,'change_permission','Can change permission');
INSERT INTO "auth_permission" VALUES(7,2,'delete_permission','Can delete permission');
INSERT INTO "auth_permission" VALUES(8,2,'view_permission','Can view permission');
INSERT INTO "auth_permission" VALUES(9,3,'add_group','Can add group');
INSERT INTO "auth_permission" VALUES(10,3,'change_group','Can change group');
INSERT INTO "auth_permission" VALUES(11,3,'delete_group','Can delete group');
INSERT INTO "auth_permission" VALUES(12,3,'view_group','Can view group');
INSERT INTO "auth_permission" VALUES(13,4,'add_user','Can add user');
INSERT INTO "auth_permission" VALUES(14,4,'change_user','Can change user');
INSERT INTO "auth_permission" VALUES(15,4,'delete_user','Can delete user');
INSERT INTO "auth_permission" VALUES(16,4,'view_user','Can view user');
INSERT INTO "auth_permission" VALUES(17,5,'add_contenttype','Can add content type');
INSERT INTO "auth_permission" VALUES(18,5,'change_contenttype','Can change content type');
INSERT INTO "auth_permission" VALUES(19,5,'delete_contenttype','Can delete content type');
INSERT INTO "auth_permission" VALUES(20,5,'view_contenttype','Can view content type');
INSERT INTO "auth_permission" VALUES(21,6,'add_session','Can add session');
INSERT INTO "auth_permission" VALUES(22,6,'change_session','Can change session');
INSERT INTO "auth_permission" VALUES(23,6,'delete_session','Can delete session');
INSERT INTO "auth_permission" VALUES(24,6,'view_session','Can view session');
INSERT INTO "auth_permission" VALUES(25,7,'add_category1','Can add category1');
INSERT INTO "auth_permission" VALUES(26,7,'change_category1','Can change category1');
INSERT INTO "auth_permission" VALUES(27,7,'delete_category1','Can delete category1');
INSERT INTO "auth_permission" VALUES(28,7,'view_category1','Can view category1');
INSERT INTO "auth_permission" VALUES(29,8,'add_category2','Can add category2');
INSERT INTO "auth_permission" VALUES(30,8,'change_category2','Can change category2');
INSERT INTO "auth_permission" VALUES(31,8,'delete_category2','Can delete category2');
INSERT INTO "auth_permission" VALUES(32,8,'view_category2','Can view category2');
INSERT INTO "auth_permission" VALUES(33,9,'add_record','Can add record');
INSERT INTO "auth_permission" VALUES(34,9,'change_record','Can change record');
INSERT INTO "auth_permission" VALUES(35,9,'delete_record','Can delete record');
INSERT INTO "auth_permission" VALUES(36,9,'view_record','Can view record');
INSERT INTO "auth_permission" VALUES(37,10,'add_recordlikes','Can add record likes');
INSERT INTO "auth_permission" VALUES(38,10,'change_recordlikes','Can change record likes');
INSERT INTO "auth_permission" VALUES(39,10,'delete_recordlikes','Can delete record likes');
INSERT INTO "auth_permission" VALUES(40,10,'view_recordlikes','Can view record likes');
INSERT INTO "auth_permission" VALUES(41,11,'add_recordcomments','Can add record comments');
INSERT INTO "auth_permission" VALUES(42,11,'change_recordcomments','Can change record comments');
INSERT INTO "auth_permission" VALUES(43,11,'delete_recordcomments','Can delete record comments');
INSERT INTO "auth_permission" VALUES(44,11,'view_recordcomments','Can view record comments');
INSERT INTO "auth_permission" VALUES(45,12,'add_channels','Can add channels');
INSERT INTO "auth_permission" VALUES(46,12,'change_channels','Can change channels');
INSERT INTO "auth_permission" VALUES(47,12,'delete_channels','Can delete channels');
INSERT INTO "auth_permission" VALUES(48,12,'view_channels','Can view channels');
INSERT INTO "auth_permission" VALUES(49,13,'add_posts','Can add posts');
INSERT INTO "auth_permission" VALUES(50,13,'change_posts','Can change posts');
INSERT INTO "auth_permission" VALUES(51,13,'delete_posts','Can delete posts');
INSERT INTO "auth_permission" VALUES(52,13,'view_posts','Can view posts');
INSERT INTO "auth_permission" VALUES(53,14,'add_likes','Can add likes');
INSERT INTO "auth_permission" VALUES(54,14,'change_likes','Can change likes');
INSERT INTO "auth_permission" VALUES(55,14,'delete_likes','Can delete likes');
INSERT INTO "auth_permission" VALUES(56,14,'view_likes','Can view likes');
INSERT INTO "auth_permission" VALUES(57,15,'add_comments','Can add comments');
INSERT INTO "auth_permission" VALUES(58,15,'change_comments','Can change comments');
INSERT INTO "auth_permission" VALUES(59,15,'delete_comments','Can delete comments');
INSERT INTO "auth_permission" VALUES(60,15,'view_comments','Can view comments');
INSERT INTO "auth_permission" VALUES(61,16,'add_profile','Can add profile');
INSERT INTO "auth_permission" VALUES(62,16,'change_profile','Can change profile');
INSERT INTO "auth_permission" VALUES(63,16,'delete_profile','Can delete profile');
INSERT INTO "auth_permission" VALUES(64,16,'view_profile','Can view profile');
INSERT INTO "auth_permission" VALUES(65,17,'add_otpcache','Can add otp cache');
INSERT INTO "auth_permission" VALUES(66,17,'change_otpcache','Can change otp cache');
INSERT INTO "auth_permission" VALUES(67,17,'delete_otpcache','Can delete otp cache');
INSERT INTO "auth_permission" VALUES(68,17,'view_otpcache','Can view otp cache');
INSERT INTO "auth_permission" VALUES(69,18,'add_token','Can add Token');
INSERT INTO "auth_permission" VALUES(70,18,'change_token','Can change Token');
INSERT INTO "auth_permission" VALUES(71,18,'delete_token','Can delete Token');
INSERT INTO "auth_permission" VALUES(72,18,'view_token','Can view Token');
CREATE TABLE "auth_user" ("id" integer NOT NULL PRIMARY KEY AUTOINCREMENT, "password" varchar(128) NOT NULL, "last_login" datetime NULL, "is_superuser" bool NOT NULL, "username" varchar(150) NOT NULL UNIQUE, "first_name" varchar(30) NOT NULL, "email" varchar(254) NOT NULL, "is_staff" bool NOT NULL, "is_active" bool NOT NULL, "date_joined" datetime NOT NULL, "last_name" varchar(150) NOT NULL);
INSERT INTO "auth_user" VALUES(1,'pbkdf2_sha256$180000$97Hu3j1oPTWf$o4uZv0rhlwAP873AM5a3WqXi844jRl4Fns+aLLoggSk=','2020-08-16 08:10:25.729461',1,'cmp','','',1,1,'2020-07-13 05:37:09.949660','');
INSERT INTO "auth_user" VALUES(2,'pbkdf2_sha256$180000$27VcsKyn2jUF$p9A+lvsjE8Dvf3349rd3PW0m9tIGSGbCd7QdoRx6uqE=',NULL,0,'c1','Chintamani','cmp15071999@gmail.com',0,1,'2020-07-13 05:56:22.311870','Patil');
INSERT INTO "auth_user" VALUES(3,'pbkdf2_sha256$180000$0x3krxNqWNFW$ntgOe5pdNE0JeV1Qq3Xb0/ixkLHD+8j2OMEpfpUIzoI=',NULL,0,'c2','Chintamani','cmp15071999@gmail.com',0,1,'2020-07-13 17:11:43','Patil');
INSERT INTO "auth_user" VALUES(4,'pbkdf2_sha256$180000$Ou8XL1I3RYrC$jjXFcpf86Zrlis9HpOC5svbH5yIN+6MEqJKKs5lNRJ4=',NULL,0,'c3','Chintamani','cmp151999@gmail.com',0,1,'2020-07-13 17:18:51.909312','Patil');
INSERT INTO "auth_user" VALUES(5,'pbkdf2_sha256$180000$kLKcXRaoh7wo$AwzznUilsdhEFRbeJF0ZGJHjKfqEYt9FMI/D1PywO8Q=',NULL,0,'c4','','chintamanip99@gmail.com',0,1,'2020-07-13 17:22:31.105453','');
INSERT INTO "auth_user" VALUES(6,'pbkdf2_sha256$180000$OsLCqBPnKR6l$uT0E2WWxHs9JCThAr/RMY+XfDP4iqV31TOp+M5jYKXk=',NULL,0,'c5','','cmp15071999@gmail.com',0,1,'2020-07-13 17:26:23.080879','');
INSERT INTO "auth_user" VALUES(7,'pbkdf2_sha256$180000$Bj5BKvPJ7AZT$IsAIqYNbZGok/A4mFtmsdIbA990icBdXmdbgc2Md6ZY=',NULL,0,'c6','','cmp15071999@gmail.com',0,1,'2020-07-13 17:36:07.024000','');
INSERT INTO "auth_user" VALUES(8,'pbkdf2_sha256$180000$DTCHtDZbMSOR$H2aQuGH0/J99Z3lFTdZUTaX2lKVcNiar99zEwRziApc=',NULL,0,'c7','','cmp15071999@gmail.com',0,1,'2020-07-14 04:12:40.525001','');
INSERT INTO "auth_user" VALUES(9,'pbkdf2_sha256$180000$mwgXdIEbNmJB$ebPHhrTXBmZNelpqkbqwsiZqaeq69GbN4F2VwfUNtJU=',NULL,0,'c8','','cmp15071999@gmail.com',0,1,'2020-07-14 04:53:09.848135','');
INSERT INTO "auth_user" VALUES(10,'pbkdf2_sha256$180000$zU1AGVoXv1e7$k2Efo9GEc/qluob6Bcc2ITWD59ufuA2X6wcRixcbw14=',NULL,0,'c9','','cmp15071999@gmail.com',0,1,'2020-07-14 05:05:19.872814','');
INSERT INTO "auth_user" VALUES(11,'pbkdf2_sha256$180000$NUxLNPkv0r88$fWSuUwm0bLLyDWGm560N8Te606v1GPgkSVq7Z1ZMQU8=',NULL,0,'c10','CMPATIL','cmp15071999@gmail.com',0,1,'2020-07-14 05:14:29.710039','Patil');
INSERT INTO "auth_user" VALUES(12,'pbkdf2_sha256$180000$5jheoxm1wfMf$Pndo3Xxx9kdHAWcTugCNvTei6Cj+qAwFMDQ1vVLMGlg=',NULL,0,'c11','','cmp15071999@gmail.com',0,1,'2020-07-14 05:46:22.266607','');
INSERT INTO "auth_user" VALUES(13,'pbkdf2_sha256$180000$GiF3lCMuGaRC$WXNTz3eWcOPyqIBPl8yGBW12N1nOdW8XRu+//VM46jQ=',NULL,0,'cin','','cmp15071999@gmail.com',0,1,'2020-07-15 13:59:04.906023','');
INSERT INTO "auth_user" VALUES(14,'pbkdf2_sha256$180000$uxyaxCmnl4Qf$jvpkEnZjAayb1eHzcAardUmfFNS23Owai9ZXG2iHfdM=',NULL,0,'rajas_coolkarni','','rajaskulkarni99.rk@gmail.com',0,1,'2020-07-15 14:03:59.024044','');
INSERT INTO "auth_user" VALUES(15,'pbkdf2_sha256$180000$JacrVSVgESYY$ppdgQFr5pk8ojiIQUrwuUkqhmqj/2rU/h89k25jrG9c=',NULL,0,'cmpo','Chintamani','cmp151999@gmail.com',0,1,'2021-01-14 09:06:44.529542','Patil');
INSERT INTO "auth_user" VALUES(16,'pbkdf2_sha256$180000$uhr5VBsFbPbN$bDGJ9lcME6vfd+tIDFBx2WByzUJJgj1IN4tSGLidp+s=',NULL,0,'myname','','cmpatil199915@gmail.com',0,1,'2021-05-24 13:46:08.902237','');
INSERT INTO "auth_user" VALUES(17,'pbkdf2_sha256$180000$BfxsUpdd4NI0$rCUyxqC6/P3Z51h8Bwl4Tls7LzvUx6XkBaGd3qI13Uc=',NULL,0,'cmp151999','Chintamani','chintamanip99@gmail.com',0,1,'2022-02-23 04:12:12.225529','Patil');
INSERT INTO "auth_user" VALUES(18,'pbkdf2_sha256$180000$kYJvc0bx8FHK$um59tp5CCq4GLFT3i3VBUk3A+j98WlIoySe2rFYH+ug=',NULL,0,'Kattar','','chintamanip99@gmail.com',0,1,'2022-10-01 08:56:25.555600','');
INSERT INTO "auth_user" VALUES(19,'pbkdf2_sha256$180000$Vj9ELNlmmay1$43nXLFgqkqTY1gOnWTJZCwwqJc2Sx4h5N1n7AYsrxog=',NULL,0,'Ty','','chintamanip99@gmail.com',0,1,'2022-10-01 08:58:12.052695','');
INSERT INTO "auth_user" VALUES(20,'pbkdf2_sha256$180000$HKq2ZZOSSGP0$xMadO8V+vCDpYUk2uyJSyU4IOpDh8X7yvYX4Mol7rqU=',NULL,0,'thebest','','chintamanip99@gmail.com',0,1,'2023-09-23 11:01:13.364888','');
CREATE TABLE "auth_group" ("id" integer NOT NULL PRIMARY KEY AUTOINCREMENT, "name" varchar(150) NOT NULL UNIQUE);
CREATE TABLE "authtoken_token" ("key" varchar(40) NOT NULL PRIMARY KEY, "created" datetime NOT NULL, "user_id" integer NOT NULL UNIQUE REFERENCES "auth_user" ("id") DEFERRABLE INITIALLY DEFERRED);
INSERT INTO "authtoken_token" VALUES('0bd6e66cd5437ab40ed960cafa9680b1ec0d0b98','2020-07-13 05:37:10.117419',1);
INSERT INTO "authtoken_token" VALUES('d814c5fbcc4ad9441d392088fd81c12e225a82d9','2020-07-13 05:56:22.481933',2);
INSERT INTO "authtoken_token" VALUES('8e3925b7552b3cd1ec11b1caa29e94c6e9132711','2020-07-13 17:11:43.287184',3);
INSERT INTO "authtoken_token" VALUES('75e8119c3011b4aebe0786a048a6f06df1faf101','2020-07-13 17:18:52.093975',4);
INSERT INTO "authtoken_token" VALUES('2d0648965216186812efa2f6e2c60704b2dbeda3','2020-07-13 17:22:31.284876',5);
INSERT INTO "authtoken_token" VALUES('776695be9d917f95b2cfabd20e2b8a224868ae3d','2020-07-13 17:26:23.257406',6);
INSERT INTO "authtoken_token" VALUES('c95273c74630625f70d217e50f7f5285cfaf36a8','2020-07-13 17:36:07.205079',7);
INSERT INTO "authtoken_token" VALUES('0445b849b5548b124b4f4cf632dc3b3b978673f7','2020-07-14 04:12:40.701985',8);
INSERT INTO "authtoken_token" VALUES('244fbb51c7a77995fcabe227123ecee8da80a3c3','2020-07-14 04:53:11.072669',9);
INSERT INTO "authtoken_token" VALUES('c47121b5477fe44110ca7822034198614f499763','2020-07-14 05:05:20.043023',10);
INSERT INTO "authtoken_token" VALUES('e75c03f36ea840f30ff183147cfc42081582c078','2020-07-14 05:14:29.881099',11);
INSERT INTO "authtoken_token" VALUES('b2a8402693045bcf8e0936d92c656d7b7cf6ea4d','2020-07-14 05:46:22.907075',12);
INSERT INTO "authtoken_token" VALUES('fe9b12cb94d2b294dc6e4ae24f1af78d1339ae06','2020-07-15 13:59:05.112116',13);
INSERT INTO "authtoken_token" VALUES('288a96f4c637e9e2875c56f28d2d99a53c966764','2020-07-15 14:03:59.208736',14);
INSERT INTO "authtoken_token" VALUES('bb43a863a06ab14818ec3c94116bf2e854d576fc','2021-01-14 09:06:44.830646',15);
INSERT INTO "authtoken_token" VALUES('f0c41fa0a48737d4ff9c46e80616f820ae9a10f7','2021-05-24 13:46:09.122494',16);
INSERT INTO "authtoken_token" VALUES('52b2eb86175d2d5f8aa647fe742af07b082e72f7','2022-02-23 04:12:12.443508',17);
INSERT INTO "authtoken_token" VALUES('9d118bfc48845c90b98ea6cc59cad38209f04fde','2022-10-01 08:56:26.264914',18);
INSERT INTO "authtoken_token" VALUES('bccbfdfc5d1d2b39e7df32fa757f1676bfd840f4','2022-10-01 08:58:12.248749',19);
INSERT INTO "authtoken_token" VALUES('28332cabe3325bc884ad29b918d16c5ac71e798a','2023-09-23 11:01:13.642063',20);
CREATE TABLE "django_session" ("session_key" varchar(40) NOT NULL PRIMARY KEY, "session_data" text NOT NULL, "expire_date" datetime NOT NULL);
INSERT INTO "django_session" VALUES('1zbz1ez2ajv4x9lrrfjsvo95qdaosx9r','YzZhNDkwM2Q3MWNjYmE1Mjc0MjFkYzhjOWNkYmYzMzJmMzM3MDg1ZTp7Il9hdXRoX3VzZXJfaWQiOiIxIiwiX2F1dGhfdXNlcl9iYWNrZW5kIjoiZGphbmdvLmNvbnRyaWIuYXV0aC5iYWNrZW5kcy5Nb2RlbEJhY2tlbmQiLCJfYXV0aF91c2VyX2hhc2giOiIzZGZiNGZlOGY0ZGQ3MDEwNzI0MDA4ZWE1M2ZlYzkwNDhiM2Q5NTYzIn0=','2020-07-27 05:38:05.405900');
INSERT INTO "django_session" VALUES('t3pj46ef03qpr9e2pb3di8djx5za2tl4','YzZhNDkwM2Q3MWNjYmE1Mjc0MjFkYzhjOWNkYmYzMzJmMzM3MDg1ZTp7Il9hdXRoX3VzZXJfaWQiOiIxIiwiX2F1dGhfdXNlcl9iYWNrZW5kIjoiZGphbmdvLmNvbnRyaWIuYXV0aC5iYWNrZW5kcy5Nb2RlbEJhY2tlbmQiLCJfYXV0aF91c2VyX2hhc2giOiIzZGZiNGZlOGY0ZGQ3MDEwNzI0MDA4ZWE1M2ZlYzkwNDhiM2Q5NTYzIn0=','2020-07-27 08:47:40.486868');
INSERT INTO "django_session" VALUES('cxy5bb3d6j8oj0401dyl5mcgzthtmdks','YzZhNDkwM2Q3MWNjYmE1Mjc0MjFkYzhjOWNkYmYzMzJmMzM3MDg1ZTp7Il9hdXRoX3VzZXJfaWQiOiIxIiwiX2F1dGhfdXNlcl9iYWNrZW5kIjoiZGphbmdvLmNvbnRyaWIuYXV0aC5iYWNrZW5kcy5Nb2RlbEJhY2tlbmQiLCJfYXV0aF91c2VyX2hhc2giOiIzZGZiNGZlOGY0ZGQ3MDEwNzI0MDA4ZWE1M2ZlYzkwNDhiM2Q5NTYzIn0=','2020-07-29 13:00:11.343173');
INSERT INTO "django_session" VALUES('5gstlrtq3ym7b5yal565qw6jnlzes7ya','YzZhNDkwM2Q3MWNjYmE1Mjc0MjFkYzhjOWNkYmYzMzJmMzM3MDg1ZTp7Il9hdXRoX3VzZXJfaWQiOiIxIiwiX2F1dGhfdXNlcl9iYWNrZW5kIjoiZGphbmdvLmNvbnRyaWIuYXV0aC5iYWNrZW5kcy5Nb2RlbEJhY2tlbmQiLCJfYXV0aF91c2VyX2hhc2giOiIzZGZiNGZlOGY0ZGQ3MDEwNzI0MDA4ZWE1M2ZlYzkwNDhiM2Q5NTYzIn0=','2020-08-14 12:44:05.197274');
INSERT INTO "django_session" VALUES('tboalsjys3rzjxosxnbjd2uinbgehbl0','YzZhNDkwM2Q3MWNjYmE1Mjc0MjFkYzhjOWNkYmYzMzJmMzM3MDg1ZTp7Il9hdXRoX3VzZXJfaWQiOiIxIiwiX2F1dGhfdXNlcl9iYWNrZW5kIjoiZGphbmdvLmNvbnRyaWIuYXV0aC5iYWNrZW5kcy5Nb2RlbEJhY2tlbmQiLCJfYXV0aF91c2VyX2hhc2giOiIzZGZiNGZlOGY0ZGQ3MDEwNzI0MDA4ZWE1M2ZlYzkwNDhiM2Q5NTYzIn0=','2020-08-30 08:10:25.748633');
CREATE TABLE "content_category1" ("id" integer NOT NULL PRIMARY KEY AUTOINCREMENT, "title" varchar(50) NULL, "description" text NULL, "image" varchar(100) NULL);
INSERT INTO "content_category1" VALUES(3,'Masters Study in Africa','From the ancient scholarly heritage of Egypt, to the emerging modern university systems of countries like South Africa and Morocco, Masters study in Africa has plenty to offer adventurous and well-informed students.
Whether you’re interested in tackling conservation challenges, researching the rich human history of ancient and modern civilisations, or tackling the political and economic difficulties posed by globalisation and international relations, a Masters in Africa can place you at the cut','africa.jpg');
INSERT INTO "content_category1" VALUES(4,'Masters Study in the America','From the world renowned universities of the USA and Canada to the rapidly growing higher education sector of Brazil, North and South America offer an excellent snapshot of the modern education landscape.

In fact, no other continent presents quite so many options for postgraduate study abroad. There''s no need to be overwhelmed by the amount of choice on offer though - our guides to Masters study in the Americas will help you make sense of the possibilities available to you.','america.png');
INSERT INTO "content_category1" VALUES(5,'Masters Study in Europe','Every year, thousands of international postgraduates make the decision to study a Masters in Europe – and it’s not hard to see why.Studying abroad in Europe will allow you to benefit from the centuries of academic prestige and expertise accumulated at the world’s oldest universities.','europe.png');
CREATE TABLE "content_category2" ("id" integer NOT NULL PRIMARY KEY AUTOINCREMENT, "title" varchar(50) NULL, "description" text NULL, "image" varchar(100) NULL, "category1_id" integer NULL REFERENCES "content_category1" ("id") DEFERRABLE INITIALLY DEFERRED);
INSERT INTO "content_category2" VALUES(2,'South Africa','South Africa is home to several of the continent''s most prestigious universities, offering unique research opportunities.','safrica.JPG',3);
INSERT INTO "content_category2" VALUES(3,'Masters in the USA','The USA is the world''s most popular study abroad destination and home to more globally ranked universities than anywhere else.','us.png',4);
INSERT INTO "content_category2" VALUES(4,'Masters in Canada','Canada is a popular and welcoming country for international postgraduates, with generous post-study employment opportunities.','canada.jpg',4);
INSERT INTO "content_category2" VALUES(5,'Masters in Brazil','Brazil is one of South America''s fastest developing postgraduate study destinations with exciting opportunities for adventurous Masters students.','brazil.jpeg',4);
INSERT INTO "content_category2" VALUES(6,'Austria','Affordable tuition fees and excellent quality of life are just part of Austria’s appeal for international students.','austria.JPG',5);
INSERT INTO "content_category2" VALUES(7,'Belgium','Situated at the heart of the EU, multi-lingual Belgium is a political hub and home to various international organisations.','belgium.JPG',5);
INSERT INTO "content_category2" VALUES(8,'Czech Republic','A great location in Central Europe and affordable cost of living make the Czech Republic a popular postgraduate destination.','czech.JPG',5);
INSERT INTO "content_category2" VALUES(9,'Denmark','Denmark boasts excellent universities and free tuition for EU/EEA nationals, along with a famously high quality of life.','denmark.JPG',5);
INSERT INTO "content_category2" VALUES(10,'Estonia','Estonia’s approach to technology and entrepreneurial spirit make this Baltic nation an excellent choice for postgrads.','estonia.JPG',5);
INSERT INTO "content_category2" VALUES(11,'Finland','Finland offers international postgraduates world-class universities and an egalitarian approach to higher education.','finland.JPG',5);
INSERT INTO "content_category2" VALUES(12,'France','One of the most popular study abroad destinations, France has low tuition fees and a unique higher education system.','france.JPG',5);
INSERT INTO "content_category2" VALUES(13,'Germany','With a history of innovation and academic excellence, German universities have a proudly international outlook.','germany.JPG',5);
INSERT INTO "content_category2" VALUES(14,'Iceland','With free tuition and unforgettable landscapes, Iceland is a unique choice for adventurous international postgraduates.','iceland.JPG',5);
INSERT INTO "content_category2" VALUES(15,'Ireland','Ancient universities and a rich cultural heritage are only part of Ireland’s appeal for the many international students there.','ireland.JPG',5);
CREATE TABLE "content_recordlikes" ("id" integer NOT NULL PRIMARY KEY AUTOINCREMENT, "profile_id" integer NOT NULL REFERENCES "profiles_profile" ("id") DEFERRABLE INITIALLY DEFERRED, "record_id" integer NOT NULL REFERENCES "content_record" ("id") DEFERRABLE INITIALLY DEFERRED);
INSERT INTO "content_recordlikes" VALUES(9,2,11);
INSERT INTO "content_recordlikes" VALUES(10,2,3);
INSERT INTO "content_recordlikes" VALUES(11,2,8);
INSERT INTO "content_recordlikes" VALUES(12,2,19);
INSERT INTO "content_recordlikes" VALUES(13,14,15);
INSERT INTO "content_recordlikes" VALUES(14,14,3);
INSERT INTO "content_recordlikes" VALUES(15,16,4);
CREATE TABLE "posts_comments" ("id" integer NOT NULL PRIMARY KEY AUTOINCREMENT, "comment" text NULL, "no_of_reports" integer NULL, "comment_created_date_time" datetime NULL, "post_id" integer NOT NULL REFERENCES "posts_posts" ("id") DEFERRABLE INITIALLY DEFERRED, "profile_id" integer NOT NULL REFERENCES "profiles_profile" ("id") DEFERRABLE INITIALLY DEFERRED);
INSERT INTO "posts_comments" VALUES(15,'How Exciting !!',0,'2020-07-16 09:24:42.357528',13,3);
INSERT INTO "posts_comments" VALUES(16,'Waaah, Good Start!!!!',0,'2020-08-06 13:37:57.698597',17,3);
INSERT INTO "posts_comments" VALUES(17,'OKOKOKOKOK',0,'2020-08-10 16:07:14.765455',18,2);
INSERT INTO "posts_comments" VALUES(18,'hjhj',0,'2020-08-19 04:02:35.280610',21,2);
INSERT INTO "posts_comments" VALUES(19,'dd',0,'2020-08-19 04:30:29.907287',20,2);
INSERT INTO "posts_comments" VALUES(20,'Hello ,I am CMP',0,'2020-09-07 13:05:37.164271',21,3);
INSERT INTO "posts_comments" VALUES(21,'Project!!',0,'2021-01-14 09:09:32.314907',17,14);
INSERT INTO "posts_comments" VALUES(22,'jkjk',0,'2021-01-14 09:13:33.871047',23,14);
CREATE TABLE "posts_likes" ("id" integer NOT NULL PRIMARY KEY AUTOINCREMENT, "post_id" integer NOT NULL REFERENCES "posts_posts" ("id") DEFERRABLE INITIALLY DEFERRED, "profile_id" integer NOT NULL REFERENCES "profiles_profile" ("id") DEFERRABLE INITIALLY DEFERRED);
INSERT INTO "posts_likes" VALUES(22,12,3);
INSERT INTO "posts_likes" VALUES(23,14,4);
INSERT INTO "posts_likes" VALUES(24,15,2);
INSERT INTO "posts_likes" VALUES(27,13,2);
INSERT INTO "posts_likes" VALUES(28,16,2);
INSERT INTO "posts_likes" VALUES(29,17,3);
INSERT INTO "posts_likes" VALUES(30,18,3);
INSERT INTO "posts_likes" VALUES(31,19,2);
INSERT INTO "posts_likes" VALUES(34,20,2);
INSERT INTO "posts_likes" VALUES(35,20,3);
INSERT INTO "posts_likes" VALUES(36,21,3);
INSERT INTO "posts_likes" VALUES(37,17,14);
INSERT INTO "posts_likes" VALUES(38,20,14);
INSERT INTO "posts_likes" VALUES(39,23,14);
INSERT INTO "posts_likes" VALUES(40,20,15);
INSERT INTO "posts_likes" VALUES(41,21,16);
CREATE TABLE "content_record" ("id" integer NOT NULL PRIMARY KEY AUTOINCREMENT, "title" varchar(50) NULL, "description" text NULL, "image" varchar(100) NULL, "audio" varchar(100) NULL, "video" varchar(100) NULL, "text_content" varchar(100) NULL, "image_link" varchar(200) NULL, "audio_link" varchar(200) NULL, "video_link" varchar(200) NULL, "text_content_link" varchar(200) NULL, "no_of_likes" integer NOT NULL, "no_of_shares" integer NOT NULL, "no_of_comments" integer NOT NULL, "no_of_reports" integer NOT NULL, "category1_id" integer NULL REFERENCES "content_category1" ("id") DEFERRABLE INITIALLY DEFERRED, "category2_id" integer NULL REFERENCES "content_category2" ("id") DEFERRABLE INITIALLY DEFERRED, "record_created_date_time" datetime NULL);
INSERT INTO "content_record" VALUES(3,'University of Cape Town','The University of Cape Town (UCT) is a public research university located in Cape Town in the Western Cape province of South Africa. UCT was founded in 1829 as the South African College making it the oldest higher education institute in South Africa, it is jointly the oldest university in South Africa and oldest extant university in Sub-Saharan Africa alongside Stellenb
Courses:
African Cinema,Chemical Engineering,Civil Infrastructure Management and Maintenance,Development Finance,Economics','','','','',NULL,NULL,'https://www.youtube.com/watch?v=oHa9a-JKc5I',NULL,2,0,1,0,NULL,2,'2020-07-15 17:34:42');
INSERT INTO "content_record" VALUES(4,'University of Witwatersrand','Wits has partnerships with institutions around the world including research funding opportunities for staff and students. Wits prides itself on being very cosmopolitan, with 10 percent of its students coming from overseas and 85 nationalities represented on campus from Africa and the rest of the world. The Wits Language School offers English training to students who wish to improve their language skills, while Wits’ International Office supports international students throughout all stages of th','','','','','https://c8.alamy.com/comp/EJWE9E/johannesburg-south-africa-african-braamfontein-wits-university-university-EJWE9E.jpg',NULL,'https://www.youtube.com/watch?v=32GjzPu07M4',NULL,1,0,2,0,NULL,2,'2020-07-15 17:34:42');
INSERT INTO "content_record" VALUES(5,'University of KwaZulu-Natal','UKZN was ranked fourth out of the universities in South Africa by the Times Higher Education World University Rankings[22] and sixth by the QS World University Rankings 2018.[23] UKZN has historically had a very strong reputation in the areas of science, technology, engineering, and mathematics, and is ranked first in the country for physical sciences and engineering, second for computer science, and third for mathematics.[24]
Internationally, UKZN is ranked in the 401-500 bracket by the Times','','','','','https://researchresearch-news-wordpress-media-live.s3.eu-west-1.amazonaws.com/2020/03/Howard_College_UKZN-738x443.jpg',NULL,'https://www.youtube.com/watch?v=1hBb2QMDpwE',NULL,0,0,0,0,NULL,2,'2020-07-15 17:34:42');
INSERT INTO "content_record" VALUES(6,'North-West University','The North-West University (NWU) is committed to functioning as a unitary, integrated, multi-campus university that enables globally competitive teaching and research across all campuses. These core activities are intertwined with community engagement and innovation in our eight faculties, which serve both distance and contact students.','','','','','https://www.nwu.ac.za/sites/www.nwu.ac.za/files/files/1%20PC_Postgraduate%20Students/cover.png',NULL,'https://www.youtube.com/watch?v=pJTtLTwJPmg',NULL,0,0,0,0,NULL,2,'2020-07-15 17:34:42');
INSERT INTO "content_record" VALUES(7,'University of South Africa','According to data extracted from the final audited Higher Education Management Information System (HEMIS) submissions to the Department of Higher Education and Training (DHET), Unisa had 355,240 students enrolled in 2013 from South Africa, Africa, and other international states
In addition to the eight colleges and SBL, Unisa has numerous bureaus, centres, institutes, museums and units[7] supporting academic development and research.','','','','','https://scholarship-positions.com/wp-content/uploads/2018/05/University-of-South-Africa.jpg',NULL,'https://www.youtube.com/watch?v=RbSDvOfQu3E',NULL,0,0,0,0,NULL,2,'2020-07-15 17:34:42');
INSERT INTO "content_record" VALUES(8,'Massachusetts Institute of Technology','MIT also places among the top five in many overall rankings of universities (see right) and rankings based on students'' revealed preferences. For several years, U.S. News & World Report, the QS World University Rankings, and the Academic Ranking of World Universities have ranked MIT''s School of Engineering first, as did the 1995 National Research Council report.[225] In the same lists, MIT''s strongest showings apart from in engineering are in computer science, the natural sciences','','','','','https://upload.wikimedia.org/wikipedia/commons/thumb/5/59/MIT_Walker_Memorial.jpg/1280px-MIT_Walker_Memorial.jpg',NULL,'https://www.youtube.com/watch?v=KIop1hxFliQ',NULL,1,0,0,0,NULL,3,'2020-07-15 17:34:42');
INSERT INTO "content_record" VALUES(9,'Stanford University','Stanford University, officially Leland Stanford Junior University,[12] is a private research university in Stanford, California. Stanford is known for its academic achievements, wealth, location within Silicon Valley, and selectivity; it is ranked as one of the world''s top universities.

The university was founded in 1885 by Leland and Jane Stanford in memory of their only child, Leland Stanford Jr., who had died of typhoid fever at age 15 the previous year.[2] Stanford was a','','','','','https://english.mathrubhumi.com/polopoly_fs/1.1432807.1476706037!/image/image.jpg_gen/derivatives/landscape_1080_600/image.jpg',NULL,'https://www.youtube.com/watch?v=0qHWub21h5c',NULL,0,0,0,0,NULL,3,'2020-07-15 17:34:42');
INSERT INTO "content_record" VALUES(10,'Harvard University','Harvard University is a private Ivy League research university in Cambridge, Massachusetts. Established in 1636 and named for its first benefactor, clergyman John Harvard, Harvard is the oldest institution of higher learning in the United States[7] and among the most prestigious in the world.','','','','','https://content.techgig.com/thumb/msid-75120114,width-1200,height-900,resizemode-4/75120114.jpg',NULL,'https://www.youtube.com/watch?v=C5pKtnmHTxg',NULL,0,0,0,0,NULL,3,'2020-07-15 17:34:42');
INSERT INTO "content_record" VALUES(11,'The University of Texas at Dallas','In 2019, U.S. News and World Report in Best Colleges ranked UTD at 129th nationally and 61st among public universities.[63][64] The 2017 Academic Ranking of World Universities placed UTD at 71st–99th in the United States. Washington Monthly''s 2015 Annual College and University Rankings placed UTD at 99th in the United States. Kiplinger''s Personal Finance magazine''s 100 Best Values in Public Colleges 2016 ranked UTD at 33rd in value for in-state residents and 38th for out-of-state students.','','','','','https://encrypted-tbn0.gstatic.com/images?q=tbn%3AANd9GcT1Sn773n_7rdyHdy_zlR2ATx8reUqp27jnBA&usqp=CAU',NULL,'https://www.youtube.com/watch?v=lSpANsEzbM0',NULL,1,0,1,0,NULL,3,'2020-07-15 17:34:42');
INSERT INTO "content_record" VALUES(12,'Georgia Institute of Technology','In the 2020 Times Higher Education rankings, Georgia Tech ranked 9th for engineering and 16th for computer science in the world. 
In 2019, Tech''s undergraduate engineering program ranked 4th in the United States and its graduate engineering program ranked 7th by U.S. News & World Report.[122] Tech''s undergraduate engineering programs include aerospace (2nd), biomedical (4th), chemical (3rd), civil (2nd), computer (4th), electrical (4th), environmental (4th), industrial (1st), mat','','','','','https://www.gatech.edu/sites/default/files/pictures/expanded-page/visit-tech.png',NULL,'https://www.youtube.com/watch?v=g9GFiCOOZn0',NULL,0,0,0,0,NULL,3,'2020-07-15 17:34:42');
INSERT INTO "content_record" VALUES(13,'New York Institute of Technology','U.S. News & World Report ranks NYIT tied for 32nd among universities in the North for 2016.
In 2015, NYIT''s MBA program was ranked #1 in the United States in terms of salary-to-debt ratio. According to the survey by SoFi, graduates of NYIT''s MBA program make an average of $126,068 per year, and have an average debt of $50,308.
NYIT was ranked 24th on Payscale.com''s list of Best Value College in NY State (20-year ROI), in 2015.','','','','','https://mysu.sabanciuniv.edu/announcements/sites/mysu.sabanciuniv.edu.announcements/files/units/ID%20Editor/nyit-blog-featured-image-2.jpg',NULL,'https://www.youtube.com/watch?v=rGRyFhGS1Mg',NULL,0,0,0,0,NULL,3,'2020-07-15 17:34:42');
INSERT INTO "content_record" VALUES(14,'University of Southern California','USC was ranked 22nd in U.S. News & World Report''s 2020 annual ranking of national universities.[132] In the Niche Best Colleges rankings, USC ranked 19th overall for 2020 based on academics and quality of student life.[133] USC is ranked 32nd among national universities in the U.S. and 55th in the world by the Academic Ranking of World Universities, and 13th (tied with seven other universities) among national universities by The Center for Measuring University Performance.[134] In 2015, USA Toda','','','','','https://cdn.cnn.com/cnnnext/dam/assets/191112141459-01-university-of-southern-california-campus-file-super-tease.jpg',NULL,'https://www.youtube.com/watch?v=eERe0-E4Zpg',NULL,0,0,0,0,NULL,3,'2020-07-15 17:34:42');
INSERT INTO "content_record" VALUES(15,'Trinity College Dublin','Trinity College Dublin - The University of Dublin is an international university, steeped in history with a reputation for excellence in education, research and innovation. Trinity is Ireland’s leading university and is ranked 108th in the world1 and has been inspiring generations of brilliant thinkers for over 400 years.
Located in an iconic campus in the heart of Dublin’s city centre, Trinity ranks as one of Europe’s most beautiful universities2. It is home to 18,000 undergraduate and postgra','','','','','https://img.theculturetrip.com/wp-content/uploads/2016/08/6995209237_5244628609_k.jpg',NULL,'https://www.youtube.com/watch?v=DbZALsDfLuU',NULL,1,0,0,0,NULL,15,'2020-07-15 17:34:42');
INSERT INTO "content_record" VALUES(16,'University College Dublin','University College Dublin (commonly referred to as UCD; Irish: Coláiste na hOllscoile, Baile Átha Cliath) is a research university in Dublin, Ireland, and a member institution of the National University of Ireland. It has over 1,482 academic staff and 32,000 students,[2] and it is Ireland''s largest university, based on 2017/18 student enrolments. UCD originates in a body founded in 1854, which opened as the Catholic University of Ireland on the Feast of Saint Malachy and with John Henry Newman a','','','','','https://www.findamasters.com/bespoke-pages/custom-pages/bpid4879/img2019624858.jpg',NULL,'https://www.youtube.com/watch?v=43RmIdPn2eA',NULL,0,0,0,0,NULL,15,'2020-07-15 17:34:42');
INSERT INTO "content_record" VALUES(17,'University of Vienna','The University of Vienna was founded by Duke Rudolph IV in 1365. It is the oldest university in the German-speaking world and one of the largest in Central Europe.  With 178 degree programmes, 40 university continuing education and training programmes and about 45,000 active students, the University of Vienna is the largest and most diverse educational institution in Austria. With staff of about 7.000 academics, the University of Vienna is the largest teaching and research institution in Austria','','','','','https://www.univie.ac.at/typo3temp/_processed_/csm_Frontansicht_Flaggen_01_49e47ff8d5.jpg',NULL,'https://www.youtube.com/watch?v=fb3T4CUGHTI',NULL,0,0,0,0,NULL,6,'2020-07-15 17:34:42');
INSERT INTO "content_record" VALUES(18,'LMU Munich','LMU Munich is consistently ranked among the world''s top 100 universities in various international ranking surveys such as the Academic Ranking of World Universities and the Times Higher Education Supplement which ranks over 1000 universities worldwide.The university ranks 16th worldwide by number of Nobel laureates.The Times Higher Education Ranking 2019 ranks LMU Munich 1st in Germany, and 32nd in the world.','','','','','https://www.uni-muenchen.de/informationen_fuer/presse/bilder/study_guide/willkommen_535_web.png',NULL,'https://www.youtube.com/watch?v=P33KiJahJr0',NULL,0,0,0,0,NULL,13,'2020-07-15 17:34:42');
INSERT INTO "content_record" VALUES(19,'Technical University of Munich','The Technical University of Munich (TUM) (German: Technische Universität München) is a research university focused on natural sciences, engineering, medicine and social sciences concerning technology issues. It holds campuses in Munich, Garching, Freising-Weihenstephan, Heilbronn[6] and Dover, Singapore.','','','','','https://images.shiksha.com/mediadata/images/1533559592phpsYF8Oy.jpeg',NULL,'https://www.youtube.com/watch?v=nJ-k3RpXYkI',NULL,1,0,1,0,NULL,13,'2020-07-15 17:34:42');
CREATE TABLE "content_recordcomments" ("id" integer NOT NULL PRIMARY KEY AUTOINCREMENT, "comment" text NULL, "no_of_reports" integer NULL, "profile_id" integer NOT NULL REFERENCES "profiles_profile" ("id") DEFERRABLE INITIALLY DEFERRED, "record_id" integer NOT NULL REFERENCES "content_record" ("id") DEFERRABLE INITIALLY DEFERRED, "comment_created_date_time" datetime NULL);
INSERT INTO "content_recordcomments" VALUES(4,'kk',0,2,11,'2020-07-15 17:34:42.862148');
INSERT INTO "content_recordcomments" VALUES(5,'Gooood',0,2,4,'2020-07-16 09:44:13.933717');
INSERT INTO "content_recordcomments" VALUES(6,'Good One',0,2,3,'2020-07-16 09:44:13.933717');
INSERT INTO "content_recordcomments" VALUES(7,'Gahvav',0,2,19,'2020-08-08 02:47:02.139611');
INSERT INTO "content_recordcomments" VALUES(8,'Waaaoooo',0,2,4,'2020-11-01 10:43:24.285249');
CREATE TABLE "posts_channels" ("id" integer NOT NULL PRIMARY KEY AUTOINCREMENT, "title" varchar(50) NULL, "description" text NULL, "image" varchar(100) NULL, "is_granted" bool NULL, "user_id" integer NULL UNIQUE REFERENCES "auth_user" ("id") DEFERRABLE INITIALLY DEFERRED, "channel_created_date_time" datetime NULL);
INSERT INTO "posts_channels" VALUES(1,'Pooja Bindok12','POoja is bindokrtgh','Screenshot_114.png',1,2,'2020-07-13 05:47:00.557946');
INSERT INTO "posts_channels" VALUES(2,'Rama','Ram Channel','WIN_20191023_09_10_39_Pro_2.jpg',1,12,'2020-07-14 02:30:42.284084');
INSERT INTO "posts_channels" VALUES(3,'Information Channel','Information Technology','WIN_20200427_19_50_20_Pro_1UudFbH.jpg',1,3,'2020-07-15 13:57:44.508827');
INSERT INTO "posts_channels" VALUES(4,'My MIT Expirence','General Expirence of  International Students At MIT','spain.JPG',1,4,'2020-07-15 17:34:42.867417');
INSERT INTO "posts_channels" VALUES(5,'My Experience at SIH 2019','My Experience at SIH 2019 Software Edition','hack.JPG',1,5,'2020-07-15 17:34:42.867417');
INSERT INTO "posts_channels" VALUES(6,'cmpo channel1','Irish university2','2.jpg',1,15,'2021-01-14 09:05:24.275594');
INSERT INTO "posts_channels" VALUES(7,'My channel','my channel','',1,16,'2021-05-24 13:41:51.601705');
CREATE TABLE "posts_posts" ("id" integer NOT NULL PRIMARY KEY AUTOINCREMENT, "title" varchar(100) NULL, "description" text NULL, "main_content_text" varchar(100) NULL, "main_content_audio" varchar(100) NULL, "main_content_image" varchar(100) NULL, "main_content_gif" varchar(100) NULL, "main_content_video" varchar(100) NULL, "main_content_text_link" varchar(200) NULL, "main_content_audio_link" varchar(200) NULL, "main_content_image_link" varchar(65535) NULL, "main_content_gif_link" varchar(200) NULL, "main_content_video_link" varchar(200) NULL, "no_of_likes" integer NOT NULL, "no_of_shares" integer NOT NULL, "no_of_comments" integer NOT NULL, "no_of_reports" integer NOT NULL, "channel_id" integer NULL REFERENCES "posts_channels" ("id") DEFERRABLE INITIALLY DEFERRED, "post_created_date_time" datetime NULL);
INSERT INTO "posts_posts" VALUES(12,'Masters Study in Africa','klkl','','','','','',NULL,NULL,NULL,NULL,NULL,1,0,0,0,3,'2020-07-15 17:34:42.868665');
INSERT INTO "posts_posts" VALUES(13,'MIT Life','Yes. There is quite a bit of mixing that goes on at MIT. Ultimately, no one cares about race or how you look; you will be judged on the quality of your ideas alone. Here is a link to the MIT Indian Society below. They would know far more than I would on this matter.

I will say that Cambridge has a wide range of both Southern and Northern Indian cuisines. I generally went to one all you can eat Indian buffet each weekend. Also, the local movie theater shows Indian movies on the weekends on one of their screens. So, you won’t feel too homesick. I did go out with an Indian woman briefly, but it was after my time at MIT.

Also, while at MIT, I did go to one wedding in Pakistan of the family that was my next door neighbor growing up. The Grandmother had known me since I was 10 years old, and I ran for the door when she said that she had several nice girls that she wanted me to meet. (Apparently, an MIT grad student is a pretty good catch.)','','','','','',NULL,NULL,NULL,NULL,'https://www.youtube.com/watch?v=5wShl5EjrFI',1,0,1,0,4,'2020-07-15 17:34:42.868665');
INSERT INTO "posts_posts" VALUES(14,'36 Hours Non Stop Hackathon Expirence','SIH 2019  was a very exciting hackathon all participants and guides were  filled with enthusiasm.
Project-Coding-Travelling-Beach-Dj Night --->>Enjoyed a lotttt !!.','','','','','',NULL,NULL,NULL,NULL,'https://www.youtube.com/watch?v=qlNQzJxLuVk&t=38s',1,0,0,0,5,'2020-07-15 17:34:42.868665');
INSERT INTO "posts_posts" VALUES(15,'My Experience of Web Internship','My Experience of Web Internship at Intellise IT','','SoundHelix-Song-1.mp3','Screenshot_148.png','','',NULL,NULL,NULL,NULL,NULL,1,0,0,0,3,'2020-07-16 09:44:13');
INSERT INTO "posts_posts" VALUES(16,'Abroad Informatica','An interesting social media App','','','Screenshot_149.png','','1._What_Youll_Get_from_this_Course.mp4',NULL,NULL,NULL,NULL,NULL,1,0,0,0,3,'2020-07-17 13:03:03');
INSERT INTO "posts_posts" VALUES(17,'Himalaya','Our First StartUp Project!!','','','Screenshot_159.png','','',NULL,NULL,NULL,NULL,NULL,2,0,2,0,3,'2020-08-06 13:12:25.227884');
INSERT INTO "posts_posts" VALUES(18,'kk','kk','','','','','',NULL,NULL,NULL,NULL,NULL,1,0,1,0,4,'2020-08-06 13:12:25.227884');
INSERT INTO "posts_posts" VALUES(19,'Good Api','Rest api is best api framework.','','','IMG-20200806-WA0007.jpeg','','',NULL,NULL,NULL,NULL,NULL,1,0,0,0,3,'2020-08-08 02:47:02.147591');
INSERT INTO "posts_posts" VALUES(20,'StartUP','Marketing startup','','','','','',NULL,NULL,NULL,NULL,NULL,4,0,1,0,3,'2020-08-10 15:46:16.018613');
INSERT INTO "posts_posts" VALUES(21,'Optimized UI','Abroad Informatica Social Media','','','','','',NULL,NULL,NULL,NULL,NULL,2,0,2,0,3,'2020-08-10 15:46:16.018613');
INSERT INTO "posts_posts" VALUES(22,'pp','kk','','','','','',NULL,NULL,NULL,NULL,NULL,0,0,0,0,3,'2020-08-10 15:46:16.018613');
INSERT INTO "posts_posts" VALUES(23,'Iot +web development project','jk','','','f.jpg','','',NULL,NULL,NULL,NULL,NULL,1,0,1,0,6,'2021-01-14 09:05:24.276546');
INSERT INTO "posts_posts" VALUES(24,'Nature','Nature Video in campus','','','','','',NULL,NULL,NULL,NULL,NULL,0,0,0,0,7,'2021-05-24 13:41:51.611874');
INSERT INTO "posts_posts" VALUES(25,'Nature','Nature Video in campus','','','','','videoplayback.mp4',NULL,NULL,NULL,NULL,NULL,0,0,0,0,7,'2021-05-24 13:41:51.611874');
INSERT INTO "posts_posts" VALUES(26,'Nature','m','','','','','videoplayback_8YDMxfH.mp4',NULL,NULL,NULL,NULL,NULL,0,0,0,0,7,'2021-05-24 13:41:51.611874');
CREATE TABLE "profiles_otpcache" ("id" integer NOT NULL PRIMARY KEY AUTOINCREMENT, "otp" integer NULL, "profile_id" integer NULL UNIQUE REFERENCES "profiles_profile" ("id") DEFERRABLE INITIALLY DEFERRED, "time_when_otp_sent" datetime NULL);
INSERT INTO "profiles_otpcache" VALUES(6,782035,2,'2020-07-13 17:11:43.460292');
INSERT INTO "profiles_otpcache" VALUES(10,858404,6,'2020-07-13 17:43:39.282269');
INSERT INTO "profiles_otpcache" VALUES(13,193540,1,'2020-07-14 04:11:28.447033');
INSERT INTO "profiles_otpcache" VALUES(15,520672,8,'2020-07-14 04:57:16.999254');
INSERT INTO "profiles_otpcache" VALUES(16,954546,9,'2020-07-14 05:05:20.132534');
INSERT INTO "profiles_otpcache" VALUES(20,968897,10,'2020-07-14 05:45:42.862252');
INSERT INTO "profiles_otpcache" VALUES(24,514620,17,'2022-10-01 08:56:27.941705');
INSERT INTO "profiles_otpcache" VALUES(25,817065,18,'2022-10-01 08:58:12.373366');
INSERT INTO "profiles_otpcache" VALUES(26,284595,19,'2023-09-23 11:01:13.889694');
CREATE TABLE "profiles_profile" ("id" integer NOT NULL PRIMARY KEY AUTOINCREMENT, "phone_number" varchar(20) NULL, "age" integer unsigned NOT NULL CHECK ("age" >= 0), "image" varchar(100) NULL, "is_phone_number_verified" bool NULL, "is_email_verified" bool NULL, "is_regular" bool NULL, "no_of_times_app_started" integer NULL, "user_id" integer NULL UNIQUE REFERENCES "auth_user" ("id") DEFERRABLE INITIALLY DEFERRED, "account_created_date" datetime NULL);
INSERT INTO "profiles_profile" VALUES(1,'9834632388',21,'Screenshot_69.png',0,1,0,0,2,'2020-07-13 05:47:00');
INSERT INTO "profiles_profile" VALUES(2,'9834632388',21,'WIN_20200427_19_50_20_Pro.jpg',0,1,0,0,3,'2020-07-13 17:07:58');
INSERT INTO "profiles_profile" VALUES(3,'9833632388',21,'WIN_20200114_15_59_32_Pro.jpg',0,1,0,0,4,'2020-07-13 17:07:58.509267');
INSERT INTO "profiles_profile" VALUES(4,NULL,21,'',0,1,0,0,5,'2020-07-13 17:07:58.509267');
INSERT INTO "profiles_profile" VALUES(5,NULL,31,'',0,1,0,0,6,'2020-07-13 17:07:58.509267');
INSERT INTO "profiles_profile" VALUES(6,NULL,21,'',0,1,0,0,7,'2020-07-13 17:07:58');
INSERT INTO "profiles_profile" VALUES(7,NULL,21,'',0,1,0,0,8,'2020-07-14 02:30:42.272890');
INSERT INTO "profiles_profile" VALUES(8,NULL,21,'',0,0,0,0,9,'2020-07-14 02:30:42.272890');
INSERT INTO "profiles_profile" VALUES(9,NULL,21,'',0,0,0,0,10,'2020-07-14 02:30:42.272890');
INSERT INTO "profiles_profile" VALUES(10,'9834632388',21,'WIN_20200114_15_59_32_Pro_8fyszcN.jpg',0,0,0,0,11,'2020-07-14 02:30:42.272890');
INSERT INTO "profiles_profile" VALUES(11,NULL,21,'WIN_20200427_19_50_20_Pro.jpg',0,1,0,0,12,'2020-07-14 02:30:42.272890');
INSERT INTO "profiles_profile" VALUES(12,NULL,21,'',0,1,0,0,13,'2020-07-15 13:57:44.498826');
INSERT INTO "profiles_profile" VALUES(13,NULL,20,'',0,1,0,0,14,'2020-07-15 13:57:44.498826');
INSERT INTO "profiles_profile" VALUES(14,NULL,21,'',0,1,0,0,15,'2021-01-14 09:05:24.262859');
INSERT INTO "profiles_profile" VALUES(15,NULL,21,'',0,1,0,0,16,'2021-05-24 13:41:51.576328');
INSERT INTO "profiles_profile" VALUES(16,NULL,22,'',0,1,0,0,17,'2022-02-23 04:09:51.186359');
INSERT INTO "profiles_profile" VALUES(17,NULL,28,'16646145054527962226908427252033.jpg',0,0,0,0,18,'2022-10-01 05:15:10.317725');
INSERT INTO "profiles_profile" VALUES(18,NULL,26,'',0,0,0,0,19,'2022-10-01 05:15:10.317725');
INSERT INTO "profiles_profile" VALUES(19,NULL,25,'ins1.jpeg',0,0,0,0,20,'2023-09-23 10:59:21.013004');
DELETE FROM sqlite_sequence;
INSERT INTO "sqlite_sequence" VALUES('django_migrations',27);
INSERT INTO "sqlite_sequence" VALUES('django_admin_log',69);
INSERT INTO "sqlite_sequence" VALUES('django_content_type',18);
INSERT INTO "sqlite_sequence" VALUES('auth_permission',72);
INSERT INTO "sqlite_sequence" VALUES('auth_user',20);
INSERT INTO "sqlite_sequence" VALUES('auth_group',0);
INSERT INTO "sqlite_sequence" VALUES('content_category1',5);
INSERT INTO "sqlite_sequence" VALUES('content_category2',15);
INSERT INTO "sqlite_sequence" VALUES('posts_likes',41);
INSERT INTO "sqlite_sequence" VALUES('posts_comments',22);
INSERT INTO "sqlite_sequence" VALUES('content_recordlikes',15);
INSERT INTO "sqlite_sequence" VALUES('content_record',19);
INSERT INTO "sqlite_sequence" VALUES('content_recordcomments',8);
INSERT INTO "sqlite_sequence" VALUES('posts_channels',7);
INSERT INTO "sqlite_sequence" VALUES('posts_posts',26);
INSERT INTO "sqlite_sequence" VALUES('profiles_otpcache',26);
INSERT INTO "sqlite_sequence" VALUES('profiles_profile',19);
CREATE UNIQUE INDEX "auth_group_permissions_group_id_permission_id_0cd325b0_uniq" ON "auth_group_permissions" ("group_id", "permission_id");
CREATE INDEX "auth_group_permissions_group_id_b120cbf9" ON "auth_group_permissions" ("group_id");
CREATE INDEX "auth_group_permissions_permission_id_84c5c92e" ON "auth_group_permissions" ("permission_id");
CREATE UNIQUE INDEX "auth_user_groups_user_id_group_id_94350c0c_uniq" ON "auth_user_groups" ("user_id", "group_id");
CREATE INDEX "auth_user_groups_user_id_6a12ed8b" ON "auth_user_groups" ("user_id");
CREATE INDEX "auth_user_groups_group_id_97559544" ON "auth_user_groups" ("group_id");
CREATE UNIQUE INDEX "auth_user_user_permissions_user_id_permission_id_14a6b632_uniq" ON "auth_user_user_permissions" ("user_id", "permission_id");
CREATE INDEX "auth_user_user_permissions_user_id_a95ead1b" ON "auth_user_user_permissions" ("user_id");
CREATE INDEX "auth_user_user_permissions_permission_id_1fbb5f2c" ON "auth_user_user_permissions" ("permission_id");
CREATE INDEX "django_admin_log_content_type_id_c4bce8eb" ON "django_admin_log" ("content_type_id");
CREATE INDEX "django_admin_log_user_id_c564eba6" ON "django_admin_log" ("user_id");
CREATE UNIQUE INDEX "django_content_type_app_label_model_76bd3d3b_uniq" ON "django_content_type" ("app_label", "model");
CREATE UNIQUE INDEX "auth_permission_content_type_id_codename_01ab375a_uniq" ON "auth_permission" ("content_type_id", "codename");
CREATE INDEX "auth_permission_content_type_id_2f476e4b" ON "auth_permission" ("content_type_id");
CREATE INDEX "django_session_expire_date_a5c62663" ON "django_session" ("expire_date");
CREATE INDEX "content_category2_category1_id_24061e3a" ON "content_category2" ("category1_id");
CREATE UNIQUE INDEX "content_recordlikes_profile_id_record_id_91fed262_uniq" ON "content_recordlikes" ("profile_id", "record_id");
CREATE INDEX "content_recordlikes_profile_id_e0a09b7a" ON "content_recordlikes" ("profile_id");
CREATE INDEX "content_recordlikes_record_id_56cba2d8" ON "content_recordlikes" ("record_id");
CREATE INDEX "posts_comments_post_id_159da8a7" ON "posts_comments" ("post_id");
CREATE INDEX "posts_comments_profile_id_ef5814ac" ON "posts_comments" ("profile_id");
CREATE UNIQUE INDEX "posts_likes_profile_id_post_id_802bfeb8_uniq" ON "posts_likes" ("profile_id", "post_id");
CREATE INDEX "posts_likes_post_id_fdc16e31" ON "posts_likes" ("post_id");
CREATE INDEX "posts_likes_profile_id_c503f0e5" ON "posts_likes" ("profile_id");
CREATE INDEX "content_record_category1_id_a0028317" ON "content_record" ("category1_id");
CREATE INDEX "content_record_category2_id_085308f9" ON "content_record" ("category2_id");
CREATE INDEX "content_recordcomments_profile_id_254056f8" ON "content_recordcomments" ("profile_id");
CREATE INDEX "content_recordcomments_record_id_ffb26a95" ON "content_recordcomments" ("record_id");
CREATE INDEX "posts_posts_channel_id_fef98035" ON "posts_posts" ("channel_id");
COMMIT;
